SRR1946270	chloroExtractor	154478	125211	0.810542601535494	125297	125216	0.999353535998468	8
SRR1946270	GetOrganelle	154478	154360	0.999236137184583	154445	154360	0.999449642267474	1
SRR1946270	NOVO-Plasty	154478	154356	0.999210243529823	287114	286934	0.999373071323586	4
SRR1946271	chloroExtractor	154478	134774	0.872447856652727	108717	108568	0.998629469172255	12
SRR1946271	Fast-Plast	154478	154186	0.998109763202527	154275	154186	0.99942310808621	1
SRR1946271	GetOrganelle	154478	154185	0.998103289788837	154275	154185	0.999416626154594	1
SRR1946271	NOVO-Plasty	154478	154186	0.998109763202527	286774	286594	0.999372328035317	4
SRR1946272	chloroExtractor	154478	144562	0.935809629850205	118395	118305	0.999239832763208	10
SRR1946272	Fast-Plast	154478	154186	0.998109763202527	154273	154186	0.99943606463866	1
SRR1946272	NOVO-Plasty	154478	154186	0.998109763202527	308556	255946	0.829496104434851	2
SRR1946273	chloroExtractor	154478	140525	0.909676458783775	114399	114262	0.99880243708424	11
SRR1946273	Fast-Plast	154478	154186	0.998109763202527	154280	154186	0.999390718174747	1
SRR1946273	NOVO-Plasty	154478	154186	0.998109763202527	308556	255944	0.82948962262928	2
SRR1946274	chloroExtractor	154478	116257	0.752579655355455	116390	116257	0.998857290145202	9
SRR1946274	Fast-Plast	154478	154186	0.998109763202527	154269	154186	0.999461978751402	1
SRR1946274	GetOrganelle	154478	154184	0.998096816375147	154278	154184	0.999390710276255	1
SRR1946274	NOVO-Plasty	154478	154186	0.998109763202527	308564	139027	0.45056130980931	2
SRR1946275	chloroExtractor	154478	113404	0.734111006097956	113514	113404	0.999030956533996	14
SRR1946275	Fast-Plast	154478	154188	0.998122710029907	154277	154188	0.999423115564861	1
SRR1946275	NOVO-Plasty	154478	154188	0.998122710029907	310404	309698	0.997725544773908	2
SRR1946276	chloroExtractor	154478	108986	0.705511464415645	109173	108986	0.998287122273822	10
SRR1946276	Fast-Plast	154478	154333	0.999061355014954	154420	154333	0.999436601476493	1
SRR1946276	GetOrganelle	154478	154333	0.999061355014954	154420	154333	0.999436601476493	1
SRR1946276	NOVO-Plasty	154478	154333	0.999061355014954	308842	139174	0.450631714598403	2
SRR1946277	chloroExtractor	154478	117138	0.758282732816323	117270	117138	0.998874392427731	10
SRR1946277	Fast-Plast	154478	154334	0.999067828428644	154431	154334	0.999371887768647	1
SRR1946278	chloroExtractor	154478	116563	0.754560519944588	116663	116574	0.999237118880879	8
SRR1946278	Fast-Plast	154478	154385	0.999397972526832	154501	154385	0.999249195798085	1
SRR1946278	GetOrganelle	154478	154385	0.999397972526832	154501	154385	0.999249195798085	1
SRR1946278	NOVO-Plasty	154478	154385	0.999397972526832	309006	139226	0.450560830534035	2
SRR1946279	chloroExtractor	154478	117214	0.758774712256762	117302	117232	0.999403249731462	8
SRR1946279	Fast-Plast	154478	154287	0.998763577985215	154365	154287	0.999494704110388	1
SRR1946279	GetOrganelle	154478	154287	0.998763577985215	154365	154287	0.999494704110388	1
SRR1946279	NOVO-Plasty	154478	154245	0.998491694610236	308732	154245	0.499608074316883	2
SRR1946280	chloroExtractor	154478	117966	0.763642719351623	118063	117966	0.999178404750006	10
SRR1946280	Fast-Plast	154478	154332	0.999054881601264	154428	154332	0.99937835107623	1
SRR1946280	GetOrganelle	154478	154332	0.999054881601264	154427	154332	0.999384822602265	1
SRR1946280	NOVO-Plasty	154478	154330	0.999041934773884	308852	256236	0.829640086513929	2
SRR1946281	chloroExtractor	154478	109320	0.707673584588097	109426	109325	0.999077001809442	14
SRR1946281	Fast-Plast	154478	154377	0.999346185217312	154471	154377	0.999391471538347	1
SRR1946281	GetOrganelle	154478	154377	0.999346185217312	154471	154377	0.999391471538347	1
SRR1946281	NOVO-Plasty	154478	154377	0.999346185217312	308944	256328	0.829690817753379	2
SRR1946282	chloroExtractor	154478	118652	0.768083481142946	107794	107655	0.998710503367534	14
SRR1946282	Fast-Plast	154478	154369	0.999294397907793	154451	154369	0.999469087283345	1
SRR1946282	NOVO-Plasty	154478	154370	0.999300871321483	309056	256314	0.82934484365293	2
SRR1946283	chloroExtractor	154478	115099	0.745083442302464	115264	115159	0.999089047751249	12
SRR1946283	Fast-Plast	154478	154450	0.999818744416681	154517	154450	0.999566390753121	1
SRR1946284	chloroExtractor	154478	114753	0.742843641165732	114827	114753	0.999355552265582	10
SRR1946284	Fast-Plast	154478	154366	0.999274977666723	171110	154366	0.902144819122202	1
SRR1946284	GetOrganelle	154478	154366	0.999274977666723	154457	154366	0.999410839262707	1
SRR1946284	NOVO-Plasty	154478	154366	0.999274977666723	308918	256306	0.829689432147042	2
SRR1946285	chloroExtractor	154478	120012	0.776887323761312	120079	120012	0.999442033994287	9
SRR1946285	Fast-Plast	154478	154384	0.999391499113142	154446	154384	0.999598565194307	1
SRR1946285	NOVO-Plasty	154478	154384	0.999391499113142	308890	256340	0.82987471268089	2
SRR1946286	chloroExtractor	154478	120269	0.778550991079636	120459	120276	0.998480810898314	9
SRR1946286	Fast-Plast	154478	154318	0.998964253809604	154449	154318	0.999151823579305	1
SRR1946286	GetOrganelle	154478	154318	0.998964253809604	154449	154318	0.999151823579305	1
SRR1946286	NOVO-Plasty	154478	154314	0.998938360154844	308900	154314	0.499559728067336	2
SRR1946287	chloroExtractor	154478	118334	0.766024935589534	118481	118341	0.998818375942134	9
SRR1946287	Fast-Plast	154478	154323	0.998996620878054	154416	154323	0.999397730805098	1
SRR1946287	GetOrganelle	154478	154323	0.998996620878054	154416	154323	0.999397730805098	1
SRR1946287	NOVO-Plasty	154478	154323	0.998996620878054	308834	139164	0.450611007855353	2
SRR1946288	chloroExtractor	154478	121682	0.787697924623571	121774	121688	0.999293773711958	9
SRR1946288	Fast-Plast	154478	154368	0.999287924494103	154443	154368	0.999514383947476	1
SRR1946288	GetOrganelle	154478	154368	0.999287924494103	154443	154368	0.999514383947476	1
SRR1946288	NOVO-Plasty	154478	154368	0.999287924494103	287076	286924	0.99947052348507	4
SRR1946289	chloroExtractor	154478	137981	0.893208094356478	111858	111719	0.998757353072646	11
SRR1946289	Fast-Plast	154478	154390	0.999430339595282	154548	154390	0.9989776638973	1
SRR1946289	NOVO-Plasty	154478	154390	0.999430339595282	309096	256354	0.829366928074126	2
SRR1946290	chloroExtractor	154478	115167	0.745523634433382	115324	115167	0.99863861815407	10
SRR1946290	Fast-Plast	154478	154287	0.998763577985215	154364	154287	0.99950117903138	1
SRR1946290	NOVO-Plasty	154478	154287	0.998763577985215	308732	139128	0.450643276369149	2
SRR1946291	chloroExtractor	154478	127917	0.828059658980567	101745	101663	0.999194063590348	13
SRR1946291	Fast-Plast	154478	154329	0.999035461360194	154425	154329	0.999378338999514	1
SRR1946291	NOVO-Plasty	154478	154329	0.999035461360194	308852	139170	0.450604172872444	2
SRR1946292	chloroExtractor	154478	105322	0.681792876655576	105390	105322	0.999354777493121	11
SRR1946292	Fast-Plast	154478	154269	0.998647056538795	154349	154269	0.99948169408289	1
SRR1946292	NOVO-Plasty	154478	154265	0.998621162884035	308700	154265	0.499724651765468	2
SRR1946293	chloroExtractor	154478	117426	0.760147075959036	117513	117432	0.99931071455924	11
SRR1946293	Fast-Plast	154478	154379	0.999359132044692	154441	154379	0.999598552197927	1
SRR1946294	chloroExtractor	154478	124786	0.807791400717254	113899	113764	0.998814739374358	10
SRR1946294	Fast-Plast	154478	154297	0.998828312122114	154364	154297	0.999565960975357	1
SRR1946295	chloroExtractor	154478	104886	0.678970468286746	104925	104886	0.999628305932809	13
SRR1946295	GetOrganelle	154478	154384	0.999391499113142	154444	154384	0.999611509673409	1
SRR1946295	NOVO-Plasty	154478	154384	0.999391499113142	308890	139225	0.450726795946777	2
SRR1946296	chloroExtractor	154478	113449	0.734402309714005	113530	113449	0.999286532194134	9
SRR1946296	Fast-Plast	154478	154295	0.998815365294735	154363	154295	0.999559479927185	1
SRR1946296	GetOrganelle	154478	154295	0.998815365294735	154363	154295	0.999559479927185	1
SRR1946296	NOVO-Plasty	154478	154295	0.998815365294735	308728	256164	0.829740094840766	2
SRR1946297	chloroExtractor	154478	113448	0.734395836300315	113536	113448	0.999224915445321	6
SRR1946297	GetOrganelle	154478	154245	0.998491694610236	154315	154245	0.999546382399637	1
SRR1946297	NOVO-Plasty	154478	154245	0.998491694610236	308634	139086	0.450650284803359	2
SRR1946298	chloroExtractor	154478	111787	0.723643496161266	111923	111791	0.998820617746129	16
SRR1946298	GetOrganelle	154478	154333	0.999061355014954	154420	154333	0.999436601476493	1
SRR1946298	NOVO-Plasty	154478	154333	0.999061355014954	308842	139174	0.450631714598403	2
SRR1946299	chloroExtractor	154478	123427	0.798994031512578	123610	123474	0.99889976539115	9
SRR1946299	Fast-Plast	154478	154367	0.999281451080413	154442	154367	0.999514380803149	1
SRR1946299	NOVO-Plasty	154478	154363	0.999255557425653	308886	154363	0.499741004771987	2
SRR1946300	chloroExtractor	154478	115194	0.745698416603011	115405	115194	0.998171656340713	10
SRR1946301	chloroExtractor	154478	99739	0.645651808024444	99811	99749	0.999378825981104	14
SRR1946301	Fast-Plast	154478	154172	0.998019135410868	154243	154172	0.999539687376413	1
SRR1946301	NOVO-Plasty	154478	154167	0.997986768342418	308488	154167	0.499750395477296	2
SRR1946302	chloroExtractor	154478	133047	0.86126827121014	106939	106843	0.999102291960837	13
SRR1946302	Fast-Plast	154478	154386	0.999404445940522	154467	154386	0.999475616151023	1
SRR1946302	GetOrganelle	154478	154386	0.999404445940522	154467	154386	0.999475616151023	1
SRR1946302	NOVO-Plasty	154478	154386	0.999404445940522	308934	256344	0.82976946532269	2
SRR1946303	chloroExtractor	154478	108746	0.703957845130051	108854	108757	0.999108898157165	11
SRR1946303	Fast-Plast	154478	154188	0.998122710029907	154302	154188	0.999261189096706	1
SRR1946304	chloroExtractor	154478	115546	0.747977058221883	89317	89283	0.999619333385582	9
SRR1946304	Fast-Plast	154478	154184	0.998096816375147	154274	154184	0.99941662237318	1
SRR1946304	NOVO-Plasty	154478	154184	0.998096816375147	308554	139025	0.450569430310416	2
SRR1946305	chloroExtractor	154478	130791	0.846664249925556	104654	104528	0.998796032640893	14
SRR1946305	Fast-Plast	154478	154331	0.999048408187574	154418	154331	0.999436594179435	1
SRR1946305	GetOrganelle	154478	154331	0.999048408187574	154418	154331	0.999436594179435	1
SRR1946305	NOVO-Plasty	154478	154329	0.999035461360194	308834	256234	0.829681965068613	2
SRR1946306	chloroExtractor	154478	107413	0.695328784681314	107475	107413	0.999423121656199	10
SRR1946307	chloroExtractor	154478	117205	0.758716451533552	117399	117223	0.998500839019072	10
SRR1946307	Fast-Plast	154478	154417	0.999605121764912	154459	154417	0.99972808318065	1
SRR1946307	GetOrganelle	154478	154417	0.999605121764912	154459	154417	0.99972808318065	1
SRR1946307	NOVO-Plasty	154478	154376	0.999339711803623	308918	154376	0.499731320285642	2
SRR1946308	chloroExtractor	154478	144666	0.936482864873963	118485	118410	0.999367008482086	10
SRR1946308	Fast-Plast	154478	154186	0.998109763202527	154270	154186	0.999455500097232	1
SRR1946308	GetOrganelle	154478	154186	0.998109763202527	154270	154186	0.999455500097232	1
SRR1946308	NOVO-Plasty	154478	154184	0.998096816375147	308536	255944	0.829543392019084	2
SRR1946309	chloroExtractor	154478	116438	0.753751343233341	116484	116447	0.999682359809072	11
SRR1946309	Fast-Plast	154478	154435	0.999721643211331	154470	154435	0.999773418786819	1
SRR1946309	GetOrganelle	154478	154435	0.999721643211331	154470	154435	0.999773418786819	1
SRR1946309	NOVO-Plasty	154478	154325	0.999009567705434	309176	256224	0.828731854995213	2
SRR1946310	chloroExtractor	154478	130332	0.843692953041857	119403	119309	0.999212750098406	8
SRR1946310	Fast-Plast	154478	154429	0.999682802729191	154463	154429	0.999779882560872	1
SRR1946310	GetOrganelle	154478	154429	0.999682802729191	154463	154429	0.999779882560872	1
SRR1946310	NOVO-Plasty	154478	154426	0.999663382488121	308924	154425	0.499880229441545	2
SRR1946311	chloroExtractor	154478	112709	0.729611983583423	101919	101701	0.997861046517332	12
SRR1946312	chloroExtractor	154478	105792	0.684835381089864	105937	105798	0.998687899411915	16
SRR1946312	Fast-Plast	154478	154374	0.999326764976243	154526	154374	0.999016346763651	1
SRR1946312	GetOrganelle	154478	154374	0.999326764976243	154526	154374	0.999016346763651	1
SRR1946312	NOVO-Plasty	154478	154374	0.999326764976243	309058	256322	0.829365361841467	2
SRR1946313	chloroExtractor	154478	118436	0.766685223785911	118556	118440	0.99902155943183	9
SRR1946313	Fast-Plast	154478	154330	0.999041934773884	154422	154330	0.999404229967233	1
SRR1946313	GetOrganelle	154478	154330	0.999041934773884	154422	154330	0.999404229967233	1
SRR1946313	NOVO-Plasty	154478	154330	0.999041934773884	308846	139171	0.450616164690493	2
SRR1946314	chloroExtractor	154478	128164	0.829658592161991	101954	101928	0.999744983031563	13
SRR1946314	Fast-Plast	154478	154404	0.999520967386942	154445	154404	0.999734533329017	1
SRR1946315	chloroExtractor	154478	114066	0.738396405960719	114123	114080	0.999623213550292	11
SRR1946315	Fast-Plast	154478	154356	0.999210243529823	154395	154356	0.99974740114641	1
SRR1946315	GetOrganelle	154478	154354	0.999197296702443	154393	154354	0.999747397874256	1
SRR1946315	NOVO-Plasty	154478	154356	0.999210243529823	308794	256286	0.829957835968315	2
SRR1946316	chloroExtractor	154478	112302	0.726977304211603	112502	112305	0.9982489200192	10
SRR1946316	Fast-Plast	154478	154333	0.999061355014954	154421	154333	0.999430129321789	1
SRR1946316	GetOrganelle	154478	154333	0.999061355014954	154421	154333	0.999430129321789	1
SRR1946316	NOVO-Plasty	154478	154333	0.999061355014954	308844	139174	0.450628796415019	2
SRR1946317	chloroExtractor	154478	111315	0.720588044899597	111365	111328	0.999667759170296	10
SRR1946317	Fast-Plast	154478	154428	0.999676329315501	154465	154428	0.999760463535429	1
SRR1946317	NOVO-Plasty	154478	154424	0.999650435660741	308932	154424	0.499864047751609	2
SRR1946318	chloroExtractor	154478	110593	0.715914240215435	110626	110593	0.999701697611773	7
SRR1946318	Fast-Plast	154478	154395	0.999462706663732	154467	154395	0.999533881023131	1
SRR1946319	chloroExtractor	154478	119925	0.776324136770284	119972	119933	0.999674924148968	9
SRR1946319	Fast-Plast	154478	154405	0.999527440800632	154451	154405	0.999702170915048	1
SRR1946319	NOVO-Plasty	154478	154405	0.999527440800632	308906	256384	0.829974166898668	2
SRR1946320	chloroExtractor	154478	115846	0.749919082328875	115931	115846	0.99926680525485	8
SRR1946320	Fast-Plast	154478	154374	0.999326764976243	154429	154374	0.999643849277014	1
SRR1946320	GetOrganelle	154478	154375	0.999333238389933	154430	154375	0.999643851583242	1
SRR1946320	NOVO-Plasty	154478	154262	0.998601742642965	309006	154262	0.499220079868999	2
SRR1946321	chloroExtractor	154478	104227	0.674704488665053	104273	104227	0.999558850325588	10
SRR1946321	Fast-Plast	154478	154391	0.999436813008972	154454	154391	0.999592111567198	1
SRR1946321	NOVO-Plasty	154478	154391	0.999436813008972	308910	256354	0.829866304101518	2
SRR1946322	chloroExtractor	154478	104571	0.676931342974404	104682	104586	0.999082936894595	14
SRR1946322	Fast-Plast	154478	154367	0.999281451080413	154510	154367	0.999074493560287	1
SRR1946323	chloroExtractor	154478	111572	0.722251712217921	111789	111586	0.998184078934421	10
SRR1946323	Fast-Plast	154478	154389	0.999423866181592	154505	154389	0.999249215235753	1
SRR1946323	NOVO-Plasty	154478	154385	0.999397972526832	309010	154385	0.499611663052976	2
SRR1946324	chloroExtractor	154478	147264	0.953300793640518	121169	121056	0.999067418234037	8
SRR1946324	Fast-Plast	154478	154449	0.999812271002991	154516	154449	0.999566387946879	1
SRR1946324	GetOrganelle	154478	154449	0.999812271002991	154516	154449	0.999566387946879	1
SRR1946324	NOVO-Plasty	154478	154445	0.999786377348231	309032	154445	0.499770250330063	2
SRR1946325	chloroExtractor	154478	142564	0.922875749297635	116437	116360	0.999338698180132	10
SRR1946325	Fast-Plast	154478	154418	0.999611595178601	154495	154418	0.999501601993592	1
SRR1946325	GetOrganelle	154478	154418	0.999611595178601	154495	154418	0.999501601993592	1
SRR1946325	NOVO-Plasty	154478	154415	0.999592174937532	308990	154415	0.499741091944723	2
SRR1946326	chloroExtractor	154478	133380	0.863423917968902	107225	107179	0.999570995570063	16
SRR1946326	Fast-Plast	154478	154374	0.999326764976243	154536	154374	0.998951700574623	1
SRR1946326	GetOrganelle	154478	154316	0.998951306982224	154478	154316	0.998951306982224	1
SRR1946327	chloroExtractor	154478	135282	0.875736350807235	109225	109138	0.999203479056992	17
SRR1946327	Fast-Plast	154478	154362	0.999249084011963	154402	154362	0.999740935998238	1
SRR1946327	GetOrganelle	154478	154362	0.999249084011963	154402	154362	0.999740935998238	1
SRR1946327	NOVO-Plasty	154478	154362	0.999249084011963	308804	256298	0.829969819043795	2
SRR1946328	chloroExtractor	154478	117755	0.762276829063038	91675	91492	0.998003817834742	14
SRR1946329	chloroExtractor	154478	131402	0.850619505690131	105258	105207	0.999515476258337	13
SRR1946330	chloroExtractor	154478	69036	0.446898587501133	42810	42773	0.999135715954216	5
SRR1946330	GetOrganelle	154478	154184	0.998096816375147	154251	154184	0.999565643010418	1
SRR1946330	NOVO-Plasty	154478	154184	0.998096816375147	308502	255942	0.829628333041601	2
SRR1946331	chloroExtractor	154478	114174	0.739095534639237	114358	114197	0.998592140471152	14
SRR1946331	Fast-Plast	154478	154371	0.999307344735173	154528	154371	0.998984002899151	1
SRR1946331	NOVO-Plasty	154478	154371	0.999307344735173	309056	256316	0.829351314972044	2
SRR1946332	chloroExtractor	154478	115576	0.748171260632582	89712	89313	0.995552434456929	15
SRR1946332	Fast-Plast	154478	154332	0.999054881601264	154420	154332	0.999430125631395	1
SRR1946332	NOVO-Plasty	154478	154291	0.998789471639975	308842	154291	0.499579072794503	2
SRR1946333	chloroExtractor	154478	100802	0.652533046776887	100865	100802	0.999375402766074	11
SRR1946333	Fast-Plast	154478	154369	0.999294397907793	154460	154369	0.999410850705684	1
SRR1946333	GetOrganelle	154478	154369	0.999294397907793	154460	154369	0.999410850705684	1
SRR1946333	NOVO-Plasty	154478	154369	0.999294397907793	308922	139210	0.450631551006403	2
SRR1946334	chloroExtractor	154478	106047	0.686486101580808	79861	79792	0.999135998797911	14
SRR1946334	Fast-Plast	154478	154380	0.999365605458382	154528	154380	0.999042244771174	1
SRR1946334	NOVO-Plasty	154478	154380	0.999365605458382	309060	139221	0.450465928945836	2
SRR1946335	chloroExtractor	154478	88217	0.571065135488549	88392	88217	0.998020182821975	10
SRR1946335	Fast-Plast	154478	154380	0.999365605458382	154528	154380	0.999042244771174	1
SRR1946335	NOVO-Plasty	154478	154380	0.999365605458382	309056	139221	0.450471759163388	2
SRR1946336	chloroExtractor	154478	100096	0.647962816711765	100193	100111	0.999181579551466	14
SRR1946336	Fast-Plast	154478	154334	0.999067828428644	154422	154334	0.999430133012136	1
SRR1946336	NOVO-Plasty	154478	154330	0.999041934773884	308848	154330	0.499695643164275	2
SRR1946337	chloroExtractor	154478	96316	0.623493312963658	70059	70033	0.999628884226152	10
SRR1946337	NOVO-Plasty	154478	154408	0.999546861041702	154459	154408	0.999669815290789	1
SRR1946338	chloroExtractor	154478	105932	0.68574165900646	79754	79669	0.99893422273491	11
SRR1946338	Fast-Plast	154478	154189	0.998129183443597	154280	154189	0.999410163339383	1
SRR1946338	GetOrganelle	154478	154189	0.998129183443597	154281	154189	0.999403685482982	1
SRR1946339	chloroExtractor	154478	117166	0.758463988399643	90969	90912	0.999373412920885	14
SRR1946339	Fast-Plast	154478	149609	0.96848094874351	149685	149609	0.999492267094231	1
SRR1946339	NOVO-Plasty	154478	154320	0.998977200636984	308828	139161	0.450610048311682	2
SRR1946340	chloroExtractor	154478	93644	0.606196351584044	93752	93649	0.998901356771056	10
SRR1946340	Fast-Plast	154478	154334	0.999067828428644	154422	154334	0.999430133012136	1
SRR1946340	NOVO-Plasty	154478	154334	0.999067828428644	308846	139175	0.450629116129074	2
SRR1946341	chloroExtractor	154478	106593	0.690020585455534	80575	80404	0.997877753645672	14
SRR1946341	Fast-Plast	154478	154320	0.998977200636984	154413	154320	0.999397719103961	1
SRR1946341	NOVO-Plasty	154478	154316	0.998951306982224	308826	154316	0.499685907274647	2
SRR1946342	chloroExtractor	154478	106389	0.688700009062779	106467	106391	0.99928616378784	11
SRR1946342	Fast-Plast	154478	154188	0.998122710029907	154277	154188	0.999423115564861	1
SRR1946343	chloroExtractor	154478	92301	0.597502556998407	92355	92301	0.999415299658925	10
SRR1946343	Fast-Plast	154478	154365	0.999268504253033	154465	154365	0.999352604149807	1
SRR1946344	chloroExtractor	154478	103376	0.669195613614884	103451	103385	0.999362016800224	10
SRR1946344	Fast-Plast	154478	154380	0.999365605458382	154528	154380	0.999042244771174	1
SRR1946344	NOVO-Plasty	154478	154380	0.999365605458382	309060	139221	0.450465928945836	2
SRR1946345	chloroExtractor	154478	81685	0.52878079726563	81724	81685	0.999522784004699	13
SRR1946345	Fast-Plast	154478	154321	0.998983674050674	154409	154321	0.999430085033904	1
SRR1946345	NOVO-Plasty	154478	154321	0.998983674050674	308820	139162	0.450624959523347	2
SRR1946346	chloroExtractor	154478	100419	0.650053729333627	100503	100419	0.99916420405361	7
SRR1946346	Fast-Plast	154478	146386	0.94761713642072	183383	146386	0.798252836958715	1
SRR1946347	chloroExtractor	154478	102831	0.665667603153847	102994	102836	0.998465930054178	14
SRR1946347	Fast-Plast	154478	154189	0.998129183443597	154280	154189	0.999410163339383	1
SRR1946348	chloroExtractor	154478	104385	0.675727288028069	93451	93361	0.999036928443783	12
SRR1946348	Fast-Plast	154478	154380	0.999365605458382	154528	154380	0.999042244771174	1
SRR1946349	chloroExtractor	154478	97133	0.628782091948368	97215	97159	0.99942395720825	15
SRR1946350	chloroExtractor	154478	85563	0.553884695555354	85717	85563	0.998203390225976	11
SRR1946350	Fast-Plast	154478	154432	0.999702222970261	154527	154432	0.999385220705767	1
SRR1946351	chloroExtractor	154478	114749	0.742817747510972	88771	88473	0.996643047842201	14
SRR1946351	Fast-Plast	154478	154414	0.999585701523842	154479	154414	0.999579230833964	1
SRR1946351	NOVO-Plasty	154478	154409	0.999553334455392	309018	154409	0.499676394255351	2
SRR1946352	chloroExtractor	154478	88446	0.572547547223553	88482	88446	0.999593137587306	11
SRR1946352	Fast-Plast	154478	154334	0.999067828428644	154422	154334	0.999430133012136	1
SRR1946353	chloroExtractor	154478	125122	0.809966467717086	99000	98913	0.999121212121212	14
SRR1946353	Fast-Plast	154478	154332	0.999054881601264	154420	154332	0.999430125631395	1
SRR1946354	chloroExtractor	154478	85470	0.553282668082187	85491	85470	0.999754360108082	12
SRR1946354	Fast-Plast	154478	154409	0.999553334455392	154457	154409	0.999689233896813	1
SRR1946355	chloroExtractor	154478	107934	0.698701433213791	108019	107934	0.999213101398828	12
SRR1946355	Fast-Plast	154478	154369	0.999294397907793	154450	154369	0.99947555843315	1
SRR1946356	chloroExtractor	154478	82829	0.536186382526962	82889	82829	0.999276140380509	11
SRR1946356	Fast-Plast	154478	154430	0.999689276142881	154525	154430	0.999385212748746	1
SRR1946356	GetOrganelle	154478	154432	0.999702222970261	154527	154432	0.999385220705767	1
SRR1946357	chloroExtractor	154478	122047	0.790060720620412	95897	95807	0.999061493060263	17
SRR1946357	Fast-Plast	154478	154432	0.999702222970261	154527	154432	0.999385220705767	1
SRR1946358	chloroExtractor	154478	124251	0.804328124393118	98225	98059	0.998310002545177	14
SRR1946358	Fast-Plast	154478	154217	0.998310439026916	154327	154217	0.999287227769606	1
SRR1946359	chloroExtractor	154478	85137	0.551127021323425	85257	85137	0.99859249093916	12
SRR1946359	Fast-Plast	154478	154334	0.999067828428644	154423	154334	0.999423660983144	1
SRR1946360	chloroExtractor	154478	89778	0.5811701342586	89970	89787	0.997965988662888	12
SRR1946360	Fast-Plast	154478	128116	0.829347868304872	161818	154380	0.954034779814359	1
SRR1946361	chloroExtractor	154478	106135	0.687055761985525	79992	79872	0.998499849984999	12
SRR1946361	NOVO-Plasty	154478	154380	0.999365605458382	309060	139221	0.450465928945836	2
SRR1946362	chloroExtractor	154478	116765	0.755868149509963	90528	90482	0.999491869918699	12
SRR1946362	Fast-Plast	154478	154295	0.998815365294735	154350	154295	0.999643666990606	1
SRR1946362	NOVO-Plasty	154478	154254	0.998549955333446	308700	154254	0.499689018464529	2
SRR1946363	chloroExtractor	154478	98923	0.640369502453424	99005	98923	0.999171759002071	14
SRR1946364	chloroExtractor	154478	90099	0.583248100053082	90137	90099	0.999578419516957	12
SRR1946364	Fast-Plast	154478	154414	0.999585701523842	154479	154414	0.999579230833964	1
SRR1946365	chloroExtractor	154478	83640	0.541436321029532	83679	83640	0.9995339332449	9
SRR1946365	NOVO-Plasty	154478	154330	0.999041934773884	308846	154330	0.499698879052991	2
SRR1946366	chloroExtractor	154478	102774	0.665298618573519	102835	102774	0.999406816745272	11
SRR1946366	Fast-Plast	154478	154334	0.999067828428644	154422	154334	0.999430133012136	1
SRR1946367	chloroExtractor	154478	115109	0.745148176439363	88872	88825	0.999471149518409	15
SRR1946367	Fast-Plast	154478	154295	0.998815365294735	154351	154295	0.99963719055918	1
SRR1946367	NOVO-Plasty	154478	154295	0.998815365294735	926112	154295	0.166605119035279	4
SRR1946368	chloroExtractor	154478	89476	0.579215163324227	89571	89489	0.99908452512532	12
SRR1946368	NOVO-Plasty	154478	154404	0.999520967386942	154487	154404	0.999462737965007	1
SRR1946369	chloroExtractor	154478	106909	0.692066184181566	106968	106917	0.999523221898138	14
SRR1946369	Fast-Plast	154478	154429	0.999682802729191	154462	154429	0.999786355220054	1
SRR1946370	chloroExtractor	154478	83230	0.538782221416642	83280	83236	0.999471661863593	12
SRR1946371	chloroExtractor	154478	109376	0.708036095754735	83154	83129	0.999699353007673	13
SRR1946371	Fast-Plast	154478	154016	0.997009282875231	180573	154016	0.852929286216655	1
SRR1946372	chloroExtractor	154478	92875	0.601218296456453	92958	92875	0.999107123647239	11
SRR1946372	Fast-Plast	154478	154371	0.999307344735173	154450	154371	0.99948850760764	1
SRR1946372	NOVO-Plasty	154478	154371	0.999307344735173	308902	139212	0.450667201895747	2
SRR1946373	chloroExtractor	154478	106962	0.692409275107135	106989	106962	0.999747637607605	12
SRR1946373	Fast-Plast	154478	154409	0.999553334455392	176329	154409	0.875686926143743	1
SRR1946373	GetOrganelle	154478	154409	0.999553334455392	154457	154409	0.999689233896813	1
SRR1946373	NOVO-Plasty	154478	154405	0.999527440800632	308914	154405	0.499831668360774	2
SRR1946374	chloroExtractor	154478	114509	0.741264128225378	88309	88246	0.9992865959302	12
SRR1946375	chloroExtractor	154478	110919	0.718024573078367	110977	110919	0.999477369184606	11
SRR1946375	Fast-Plast	154478	154409	0.999553334455392	154457	154409	0.999689233896813	1
SRR1946375	GetOrganelle	154478	154404	0.999520967386942	154448	154404	0.999715114472185	1
SRR1946375	NOVO-Plasty	154478	154409	0.999553334455392	308918	256392	0.829967823176377	2
SRR1946376	chloroExtractor	154478	108198	0.700410414427944	108279	108198	0.999251932507689	16
SRR1946376	Fast-Plast	154478	154432	0.999702222970261	154527	154432	0.999385220705767	1
SRR1946376	NOVO-Plasty	154478	154428	0.999676329315501	309054	154428	0.499679667630899	2
SRR1946377	chloroExtractor	154478	136811	0.885634200339207	110706	110603	0.999069607790002	11
SRR1946377	Fast-Plast	154478	128118	0.829360815132252	225476	225186	0.998713832070819	1
SRR1946377	GetOrganelle	154478	154380	0.999365605458382	154528	154380	0.999042244771174	1
SRR1946377	NOVO-Plasty	154478	154380	0.999365605458382	309058	139221	0.450468844035747	2
SRR1946378	chloroExtractor	154478	80165	0.518941208456868	80214	80165	0.999389134066372	11
SRR1946378	Fast-Plast	154478	154380	0.999365605458382	154528	154380	0.999042244771174	1
SRR1946379	chloroExtractor	154478	107743	0.697465011199006	107849	107788	0.999434394384742	9
SRR1946379	Fast-Plast	154478	154432	0.999702222970261	154527	154432	0.999385220705767	1
SRR1946379	GetOrganelle	154478	154432	0.999702222970261	154527	154432	0.999385220705767	1
SRR1946379	NOVO-Plasty	154478	154388	0.999417392767902	309052	154388	0.499553473201921	2
SRR1946380	chloroExtractor	154478	118458	0.766827638887091	92475	92258	0.997653419843201	14
SRR1946380	Fast-Plast	154478	154361	0.999242610598273	154434	154361	0.999527306163151	1
SRR1946380	GetOrganelle	154478	154361	0.999242610598273	154434	154361	0.999527306163151	1
SRR1946380	NOVO-Plasty	154478	154320	0.998977200636984	308864	154319	0.49963414318276	2
SRR1946381	chloroExtractor	154478	96120	0.622224523880423	69875	69857	0.999742397137746	12
SRR1946381	Fast-Plast	154478	154289	0.998776524812595	154362	154289	0.999527085681709	1
SRR1946382	chloroExtractor	154478	118017	0.763972863449812	91855	91755	0.998911327635948	13
SRR1946382	Fast-Plast	154478	154387	0.999410919354212	154464	154387	0.999501501968096	1
SRR1946382	GetOrganelle	154478	154387	0.999410919354212	154464	154387	0.999501501968096	1
SRR1946382	NOVO-Plasty	154478	154276	0.998692370434625	309134	256126	0.828527434704691	2
SRR1946383	chloroExtractor	154478	126579	0.81939823146338	100368	100315	0.999471943248844	14
SRR1946383	Fast-Plast	154478	154413	0.999579228110152	154473	154413	0.999611582606669	1
SRR1946383	GetOrganelle	154478	154413	0.999579228110152	154473	154413	0.999611582606669	1
SRR1946384	chloroExtractor	154478	107151	0.69363275029454	80916	80888	0.999653962133571	12
SRR1946384	Fast-Plast	154478	154357	0.999216716943513	154435	154357	0.999494933143394	1
SRR1946384	GetOrganelle	154478	154357	0.999216716943513	154435	154357	0.999494933143394	1
SRR1946384	NOVO-Plasty	154478	154357	0.999216716943513	308872	256288	0.829754720401979	2
SRR1946385	chloroExtractor	154478	104029	0.673422752754438	77865	77785	0.998972580748732	11
SRR1946385	Fast-Plast	154478	154306	0.998886572845324	154381	154306	0.999514188922212	1
SRR1946385	GetOrganelle	154478	154306	0.998886572845324	154381	154306	0.999514188922212	1
SRR1946385	NOVO-Plasty	154478	154306	0.998886572845324	308894	256182	0.829352463952035	2
SRR1946386	chloroExtractor	154478	120246	0.778402102564766	94084	93982	0.998915862420815	12
SRR1946386	Fast-Plast	154478	154403	0.999514493973252	154499	154403	0.99937863675493	1
SRR1946386	NOVO-Plasty	154478	154292	0.998795945053665	309208	256156	0.828426172673411	2
SRR1946387	chloroExtractor	154478	101176	0.654954103496938	75321	75267	0.999283068466961	12
SRR1946387	Fast-Plast	154478	154289	0.998776524812595	154424	154289	0.99912578355696	1
SRR1946387	GetOrganelle	154478	154289	0.998776524812595	154424	154289	0.99912578355696	1
SRR1946387	NOVO-Plasty	154478	154289	0.998776524812595	308850	139130	0.450477578112352	2
SRR1946388	chloroExtractor	154478	102084	0.660831963127436	75889	75824	0.999143485880694	13
SRR1946388	Fast-Plast	154478	154322	0.998990147464364	154401	154322	0.999488345282738	1
SRR1946388	GetOrganelle	154478	154322	0.998990147464364	154401	154322	0.999488345282738	1
SRR1946388	NOVO-Plasty	154478	154322	0.998990147464364	308804	256218	0.829710755042033	2
SRR1946389	chloroExtractor	154478	129918	0.841012959774207	103873	103704	0.99837301319881	16
SRR1946389	Fast-Plast	154478	154401	0.999501547145872	154501	154401	0.99935275499835	1
SRR1946389	GetOrganelle	154478	154401	0.999501547145872	154497	154401	0.999378628711237	1
SRR1946389	NOVO-Plasty	154478	114516	0.741309442121208	114591	114516	0.999345498337566	1
SRR1946390	chloroExtractor	154478	127461	0.825107782337938	101272	101204	0.999328540959001	15
SRR1946390	Fast-Plast	154478	154298	0.998834785535804	154391	154298	0.999397633281733	1
SRR1946390	NOVO-Plasty	154478	154298	0.998834785535804	286982	286818	0.999428535587598	4
SRR1946391	chloroExtractor	154478	133007	0.861009334662541	106849	106790	0.999447818884594	15
SRR1946391	Fast-Plast	154478	154391	0.999436813008972	154462	154391	0.999540340018904	1
SRR1946391	GetOrganelle	154478	154391	0.999436813008972	154462	154391	0.999540340018904	1
SRR1946392	chloroExtractor	154478	100471	0.650390346845506	74355	74208	0.998022997780916	11
SRR1946392	Fast-Plast	154478	154384	0.999391499113142	154443	154384	0.999617982038681	1
SRR1946392	GetOrganelle	154478	154384	0.999391499113142	154444	154384	0.999611509673409	1
SRR1946393	chloroExtractor	154478	127385	0.8246158028975	101205	101134	0.999298453633714	13
SRR1946393	Fast-Plast	154478	154388	0.999417392767902	154439	154388	0.99966977253155	1
SRR1946394	chloroExtractor	154478	121164	0.784344696332164	95023	94901	0.998716100312556	13
SRR1946394	Fast-Plast	154478	154357	0.999216716943513	154435	154357	0.999494933143394	1
SRR1946394	GetOrganelle	154478	154355	0.999203770116133	154432	154355	0.99950139867385	1
SRR1946394	NOVO-Plasty	154478	154355	0.999203770116133	308864	256286	0.829769736842105	2
SRR1946395	chloroExtractor	154478	113696	0.736001242895428	87548	87433	0.998686434870014	15
SRR1946395	Fast-Plast	154478	154356	0.999210243529823	154434	154356	0.999494929872955	1
SRR1946396	chloroExtractor	154478	110572	0.715778298527946	84450	84309	0.998330373001776	11
SRR1946396	Fast-Plast	154478	154370	0.999300871321483	154437	154370	0.999566166138943	1
SRR1946396	NOVO-Plasty	154478	154370	0.999300871321483	310570	310132	0.998589689924977	2
SRR1946397	chloroExtractor	154478	116583	0.754689988218387	90355	90320	0.999612639034918	12
SRR1946397	Fast-Plast	154478	154384	0.999391499113142	154466	154384	0.999469138839615	1
SRR1946397	GetOrganelle	154478	154384	0.999391499113142	154466	154384	0.999469138839615	1
SRR1946398	chloroExtractor	154478	132745	0.859313300275767	106642	106482	0.998499653044767	15
SRR1946398	Fast-Plast	154478	154385	0.999397972526832	154437	154385	0.999663293122762	1
SRR1946398	GetOrganelle	154478	154385	0.999397972526832	154437	154385	0.999663293122762	1
SRR1946398	NOVO-Plasty	154478	154385	0.999397972526832	308874	256344	0.829930651333553	2
SRR1946399	chloroExtractor	154478	101436	0.656637191056332	101513	101455	0.999428644607095	13
SRR1946399	Fast-Plast	154478	154372	0.999313818148863	154435	154372	0.999592061385049	1
SRR1946399	GetOrganelle	154478	154372	0.999313818148863	154435	154372	0.999592061385049	1
SRR1946399	NOVO-Plasty	154478	154370	0.999300871321483	308868	256316	0.829856119766373	2
SRR1946400	chloroExtractor	154478	113543	0.735010810600862	87317	87299	0.999793854575856	13
SRR1946400	Fast-Plast	154478	154386	0.999404445940522	154447	154386	0.999605042506491	1
SRR1946400	GetOrganelle	154478	154384	0.999391499113142	154445	154384	0.999605037391952	1
SRR1946400	NOVO-Plasty	154478	154386	0.999404445940522	308894	256346	0.82988339041872	2
SRR1946401	chloroExtractor	154478	127753	0.826998019135411	101559	101495	0.999369824437027	13
SRR1946401	Fast-Plast	154478	154376	0.999339711803623	154453	154376	0.999501466465527	1
SRR1946401	GetOrganelle	154478	154376	0.999339711803623	154453	154376	0.999501466465527	1
SRR1946401	NOVO-Plasty	154478	154374	0.999326764976243	308904	256324	0.829785305467071	2
SRR1946402	chloroExtractor	154478	123267	0.797958285322182	97167	97053	0.998826762172342	14
SRR1946402	Fast-Plast	154478	154300	0.998847732363184	154383	154300	0.999462376038813	1
SRR1946403	chloroExtractor	154478	100557	0.650947060422843	74377	74298	0.998937843688237	12
SRR1946403	Fast-Plast	154478	154290	0.998782998226285	154365	154290	0.99951413856768	1
SRR1946403	GetOrganelle	154478	154289	0.998776524812595	154366	154289	0.999501185494215	1
SRR1946403	NOVO-Plasty	154478	154290	0.998782998226285	308734	139130	0.450646835139635	2
SRR1946404	chloroExtractor	154478	143745	0.930520850865495	117654	117537	0.999005558672038	7
SRR1946404	Fast-Plast	154478	154370	0.999300871321483	154467	154370	0.999372034156163	1
SRR1946404	GetOrganelle	154478	154370	0.999300871321483	154467	154370	0.999372034156163	1
SRR1946404	NOVO-Plasty	154478	154370	0.999300871321483	308936	256314	0.829666986042417	2
SRR1946405	chloroExtractor	154478	106818	0.691477103535779	106906	106818	0.999176846949657	14
SRR1946405	Fast-Plast	154478	154354	0.999197296702443	154424	154354	0.99954670258509	1
SRR1946405	GetOrganelle	154478	154356	0.999210243529823	154428	154356	0.999533763307172	1
SRR1946406	chloroExtractor	154478	87682	0.567601859164412	61454	61419	0.999430468317766	11
SRR1946406	Fast-Plast	154478	154434	0.999715169797641	154495	154434	0.999605165215703	1
SRR1946406	GetOrganelle	154478	154434	0.999715169797641	154495	154434	0.999605165215703	1
SRR1946406	NOVO-Plasty	154478	154323	0.998996620878054	309202	256220	0.82864923254054	2
SRR1946407	chloroExtractor	154478	77452	0.501378837115965	51370	51206	0.996807475180066	8
SRR1946407	Fast-Plast	154478	154375	0.999333238389933	154459	154375	0.9994561663613	1
SRR1946407	NOVO-Plasty	154478	154264	0.998614689470345	309230	256102	0.828192607444297	2
SRR1946408	chloroExtractor	154478	126198	0.816931860847499	100134	99949	0.998152475682585	17
SRR1946408	Fast-Plast	154478	154368	0.999287924494103	154443	154368	0.999514383947476	1
SRR1946408	GetOrganelle	154478	154368	0.999287924494103	154444	154368	0.999507912252985	1
SRR1946409	chloroExtractor	154478	117634	0.761493546006551	91432	91374	0.99936564878817	14
SRR1946409	Fast-Plast	154478	154446	0.999792850761921	154499	154446	0.999656955708451	1
SRR1946409	GetOrganelle	154478	154445	0.999786377348231	154498	154445	0.999656953488071	1
SRR1946409	NOVO-Plasty	154478	154442	0.999766957107161	309130	154442	0.49960210914502	2
SRR1946410	chloroExtractor	154478	108895	0.704922383769857	82799	82632	0.997983067428351	11
SRR1946410	Fast-Plast	154478	154380	0.999365605458382	154475	154380	0.999385013756271	1
SRR1946410	GetOrganelle	154478	154380	0.999365605458382	154475	154380	0.999385013756271	1
SRR1946410	NOVO-Plasty	154478	154380	0.999365605458382	308948	256334	0.829699496355374	2
SRR1946411	chloroExtractor	154478	90225	0.584063750178019	64013	63962	0.999203286832362	12
SRR1946411	Fast-Plast	154478	154375	0.999333238389933	154463	154375	0.999430284275199	1
SRR1946411	GetOrganelle	154478	154375	0.999333238389933	154463	154375	0.999430284275199	1
SRR1946411	NOVO-Plasty	154478	154264	0.998614689470345	309048	154264	0.499158706738112	2
SRR1946412	chloroExtractor	154478	110852	0.717590854361139	84648	84608	0.99952745487194	14
SRR1946412	Fast-Plast	154478	154357	0.999216716943513	154549	154357	0.998757675559208	1
SRR1946412	GetOrganelle	154478	154355	0.999203770116133	154433	154355	0.999494926602475	1
SRR1946412	NOVO-Plasty	154478	154355	0.999203770116133	308866	256286	0.829764363834155	2
SRR1946413	chloroExtractor	154478	85509	0.553535131216096	59296	59246	0.999156772800863	10
SRR1946413	Fast-Plast	154478	154405	0.999527440800632	154454	154405	0.999682753441154	1
SRR1946413	GetOrganelle	154478	154403	0.999514493973252	154452	154403	0.999682749333126	1
SRR1946413	NOVO-Plasty	154478	154401	0.999501547145872	287132	287024	0.999623866375047	4
SRR1946414	chloroExtractor	154478	105044	0.679993267649762	78919	78781	0.99825137165955	14
SRR1946414	Fast-Plast	154478	154405	0.999527440800632	154454	154405	0.999682753441154	1
SRR1946414	NOVO-Plasty	154478	114518	0.741322388948588	114557	114518	0.999659558123903	1
SRR1946415	chloroExtractor	154478	138528	0.896749051644894	112327	112265	0.999448040097216	16
SRR1946415	Fast-Plast	154478	154375	0.999333238389933	154456	154375	0.999475578805615	1
SRR1946415	NOVO-Plasty	154478	154371	0.999307344735173	309044	154371	0.499511396435459	2
SRR1946416	chloroExtractor	154478	113143	0.732421445124872	86969	86906	0.999275603950833	13
SRR1946416	Fast-Plast	154478	139026	0.899972811662502	139132	139026	0.999238133570997	1
SRR1946416	GetOrganelle	154478	154412	0.999572754696462	154506	154412	0.999391609387338	1
SRR1946417	chloroExtractor	154478	118821	0.769177488056552	92609	92576	0.999643663142891	14
SRR1946417	Fast-Plast	154478	154356	0.999210243529823	154434	154356	0.999494929872955	1
SRR1946417	GetOrganelle	154478	154356	0.999210243529823	154535	154356	0.998841686349371	1
SRR1946418	chloroExtractor	154478	113887	0.737237664910214	102985	102864	0.998825071612371	15
SRR1946418	Fast-Plast	154478	154419	0.999618068592291	154534	154419	0.999255827196604	1
SRR1946419	chloroExtractor	154478	116066	0.75134323334067	89986	89850	0.99848865379059	16
SRR1946419	Fast-Plast	154478	154352	0.999184349875063	154429	154352	0.99950138898782	1
SRR1946419	GetOrganelle	154478	154352	0.999184349875063	154429	154352	0.99950138898782	1
SRR1946420	chloroExtractor	154478	100369	0.649730058649128	74415	74167	0.996667338574212	12
SRR1946420	Fast-Plast	154478	154422	0.999637488833361	154486	154422	0.999585722978134	1
SRR1946421	chloroExtractor	154478	120553	0.780389440567589	94409	94320	0.999057293266532	15
SRR1946421	Fast-Plast	154478	154377	0.999346185217312	154458	154377	0.999475585596084	1
SRR1946421	GetOrganelle	154478	154377	0.999346185217312	154458	154377	0.999475585596084	1
SRR1946421	NOVO-Plasty	154478	154373	0.999320291562553	308916	154372	0.499721607168292	2
SRR1946422	chloroExtractor	154478	121177	0.784428850710133	94954	94914	0.999578743391537	14
SRR1946422	Fast-Plast	154478	154381	0.999372078872072	154527	154381	0.999055181295178	1
SRR1946422	GetOrganelle	154478	154381	0.999372078872072	154526	154381	0.999061646583746	1
SRR1946422	NOVO-Plasty	154478	154381	0.999372078872072	309056	256334	0.829409556844067	2
SRR1946423	chloroExtractor	154478	134574	0.871153173914732	108374	108323	0.999529407422444	12
SRR1946423	Fast-Plast	154478	154440	0.999754010279781	154514	154440	0.999521078996078	1
SRR1946423	GetOrganelle	154478	154440	0.999754010279781	154514	154441	0.999527550901536	1
SRR1946424	chloroExtractor	154478	107903	0.698500757389402	107992	107919	0.999324024001778	14
SRR1946424	Fast-Plast	154478	154304	0.998873626017944	154358	154304	0.999650163904689	1
SRR1946425	chloroExtractor	154478	136449	0.883290824583436	110228	110186	0.999618971586167	11
SRR1946425	Fast-Plast	154478	154431	0.999695749556571	154520	154431	0.999424022780223	1
SRR1946425	GetOrganelle	154478	154431	0.999695749556571	154492	154431	0.999605157548611	1
SRR1946425	NOVO-Plasty	154478	154427	0.999669855901811	308988	154426	0.499779926728546	2
SRR1946426	chloroExtractor	154478	127290	0.824000828596952	101045	101036	0.999910930773418	15
SRR1946426	Fast-Plast	154478	154448	0.999805797589301	154490	154448	0.999728137743543	1
SRR1946426	GetOrganelle	154478	154448	0.999805797589301	154490	154448	0.999728137743543	1
SRR1946427	chloroExtractor	154478	97515	0.631254935977939	71273	71252	0.999705358270313	10
SRR1946427	Fast-Plast	154478	154387	0.999410919354212	154468	154387	0.999475619545796	1
SRR1946428	chloroExtractor	154478	104719	0.67788940820052	78464	78458	0.999923531810767	11
SRR1946428	Fast-Plast	154478	136944	0.886495164359974	139102	136944	0.984486204368018	1
SRR1946428	GetOrganelle	154478	154450	0.999818744416681	154484	154451	0.999786385645115	1
SRR1946428	NOVO-Plasty	154478	154450	0.999818744416681	308970	139291	0.450823704566786	2
SRR1946429	chloroExtractor	154478	130105	0.842223488134233	103887	103842	0.999566837044096	13
SRR1946429	Fast-Plast	154478	154255	0.998556428747135	154330	154255	0.999514028380743	1
SRR1946429	GetOrganelle	154478	154255	0.998556428747135	154330	154255	0.999514028380743	1
SRR1946429	NOVO-Plasty	154478	154255	0.998556428747135	308662	139096	0.450641802359863	2
SRR1946430	chloroExtractor	154478	126295	0.817559781975427	100131	100032	0.999011295203284	17
SRR1946430	Fast-Plast	154478	154439	0.999747536866091	159866	154439	0.96605281923611	1
SRR1946430	GetOrganelle	154478	154438	0.999741063452401	154478	154438	0.999741063452401	1
SRR1946430	NOVO-Plasty	154478	154437	0.999734590038711	308958	256450	0.830048097152364	2
SRR1946431	chloroExtractor	154478	106867	0.691794300806587	106925	106867	0.999457563712883	13
SRR1946431	Fast-Plast	154478	153330	0.992568521083908	153400	153330	0.999543676662321	1
SRR1946432	chloroExtractor	154478	114923	0.743944121493028	88771	88660	0.99874959164592	14
SRR1946432	Fast-Plast	154478	154385	0.999397972526832	154443	154385	0.999624456919381	1
SRR1946432	NOVO-Plasty	154478	154342	0.999119615738163	308884	154341	0.499673016407454	2
SRR1946433	chloroExtractor	154478	111205	0.7198759693937	85103	85007	0.998871955160218	14
SRR1946433	GetOrganelle	154478	154399	0.999488600318492	154491	154399	0.999404496054786	1
SRR1946433	NOVO-Plasty	154478	154397	0.999475653491112	308982	256390	0.829789437572415	2
SRR1946434	chloroExtractor	154478	120584	0.780590116391978	94383	94320	0.999332506913321	16
SRR1946434	NOVO-Plasty	154478	154404	0.999520967386942	309132	256380	0.829354450525989	2
SRR1946435	chloroExtractor	154478	135016	0.874014422765701	108799	108764	0.999678305866782	14
SRR1946435	Fast-Plast	154478	154424	0.999650435660741	154487	154424	0.99959219869633	1
SRR1946435	GetOrganelle	154478	154424	0.999650435660741	154487	154424	0.99959219869633	1
SRR1946436	chloroExtractor	154478	133571	0.864660339983687	107587	107337	0.997676299181128	14
SRR1946436	Fast-Plast	154478	154375	0.999333238389933	154431	154375	0.999637378505611	1
SRR1946436	GetOrganelle	154478	154375	0.999333238389933	154431	154375	0.999637378505611	1
SRR1946436	NOVO-Plasty	154478	154262	0.998601742642965	309078	256100	0.82859342949029	2
SRR1946437	chloroExtractor	154478	128138	0.829490283406051	102046	101884	0.998412480645983	14
SRR1946437	Fast-Plast	154478	154366	0.999274977666723	154500	154366	0.999132686084142	1
SRR1946437	GetOrganelle	154478	154366	0.999274977666723	154500	154366	0.999132686084142	1
SRR1946438	chloroExtractor	154478	118829	0.769229275366072	92673	92584	0.99903963398185	11
SRR1946438	GetOrganelle	154478	154306	0.998886572845324	154391	154306	0.999449449773627	1
SRR1946438	NOVO-Plasty	154478	154302	0.998860679190564	308786	154302	0.499705297519965	2
SRR1946439	chloroExtractor	154478	133300	0.862906044873704	107231	107084	0.998629127770887	14
SRR1946439	Fast-Plast	154478	154357	0.999216716943513	154436	154357	0.999488461239607	1
SRR1946439	GetOrganelle	154478	154357	0.999216716943513	154436	154357	0.999488461239607	1
SRR1946439	NOVO-Plasty	154478	154355	0.999203770116133	308870	308710	0.999481982711173	2
SRR1946440	chloroExtractor	154478	125698	0.813695154002512	125876	125753	0.999022847882043	3
SRR1946440	Fast-Plast	154478	154425	0.999656909074431	154474	154425	0.999682794515582	1
SRR1946440	NOVO-Plasty	154478	154425	0.999656909074431	287127	287031	0.999665653177862	4
SRR1946441	chloroExtractor	154478	111617	0.72254301583397	85420	85354	0.999227347225474	12
SRR1946441	Fast-Plast	154478	154419	0.999618068592291	154479	154419	0.99961159769289	1
SRR1946441	GetOrganelle	154478	154419	0.999618068592291	154479	154419	0.99961159769289	1
SRR1946441	NOVO-Plasty	154478	154419	0.999618068592291	308960	256412	0.829919730709477	2
SRR1946442	chloroExtractor	154478	135088	0.874480508551379	108892	108835	0.999476545568086	14
SRR1946442	Fast-Plast	154478	154422	0.999637488833361	154491	154422	0.99955337204109	1
SRR1946442	GetOrganelle	154478	154422	0.999637488833361	154491	154422	0.99955337204109	1
SRR1946442	NOVO-Plasty	154478	154422	0.999637488833361	308984	256418	0.829874686067887	2
SRR1946443	chloroExtractor	154478	130993	0.847971879490931	104815	104730	0.999189047369174	16
SRR1946443	Fast-Plast	154478	154387	0.999410919354212	154440	154387	0.999656824656825	1
SRR1946443	GetOrganelle	154478	154387	0.999410919354212	154440	154387	0.999656824656825	1
SRR1946443	NOVO-Plasty	154478	154387	0.999410919354212	308882	256348	0.829922106176469	2
SRR1946444	chloroExtractor	154478	107096	0.693276712541592	107155	107096	0.99944939573515	12
SRR1946444	Fast-Plast	154478	154385	0.999397972526832	154453	154385	0.999559736618907	1
SRR1946444	GetOrganelle	154478	154385	0.999397972526832	154453	154385	0.999559736618907	1
SRR1946445	chloroExtractor	154478	108236	0.700656404148164	108311	108236	0.99930754955637	14
SRR1946445	Fast-Plast	154478	154376	0.999339711803623	154456	154376	0.999482053141348	1
SRR1946445	NOVO-Plasty	154478	154265	0.998621162884035	309142	256104	0.828434829301745	2
SRR1946446	chloroExtractor	154478	146701	0.949656261733062	120595	120502	0.999228823748912	10
SRR1946446	Fast-Plast	154478	154431	0.999695749556571	154494	154431	0.999592217173482	1
SRR1946446	GetOrganelle	154478	154431	0.999695749556571	154494	154431	0.999592217173482	1
SRR1946446	NOVO-Plasty	154478	154390	0.999430339595282	308988	154389	0.499660180977902	2
SRR1946447	chloroExtractor	154478	121351	0.785555224692189	95122	95088	0.999642564285865	11
SRR1946447	GetOrganelle	154478	154388	0.999417392767902	154461	154388	0.999527388790698	1
SRR1946447	NOVO-Plasty	154478	154389	0.999423866181592	308924	256352	0.829822221646748	2
SRR1946448	chloroExtractor	154478	109306	0.707582956796437	83114	83045	0.999169814952956	14
SRR1946448	GetOrganelle	154478	154218	0.998316912440606	154319	154218	0.999345511570189	1
SRR1946449	chloroExtractor	154478	113560	0.735120858633592	87308	87297	0.999874009254593	14
SRR1946449	Fast-Plast	154478	154413	0.999579228110152	154474	154413	0.999605111539806	1
SRR1946449	GetOrganelle	154478	154411	0.999566281282772	154472	154411	0.999605106427055	1
SRR1946450	chloroExtractor	154478	113088	0.732065407371923	86851	86825	0.999700636722663	13
SRR1946450	Fast-Plast	154478	154388	0.999417392767902	154466	154388	0.999495034505975	1
SRR1946450	GetOrganelle	154478	154388	0.999417392767902	154465	154388	0.999501505195352	1
SRR1946451	chloroExtractor	154478	107788	0.697756314815055	107863	107795	0.999369570659077	12
SRR1946451	Fast-Plast	154478	149712	0.969147710353578	149760	149712	0.999679487179487	1
SRR1946451	GetOrganelle	154478	154427	0.999669855901811	154495	154427	0.999559856306029	1
SRR1946452	chloroExtractor	154478	113532	0.734939603050273	87569	87286	0.996768262741381	16
SRR1946452	GetOrganelle	154478	154435	0.999721643211331	154495	154435	0.999611637917085	1
SRR1946453	chloroExtractor	154478	121617	0.787277152733723	95453	95354	0.998962840350749	13
SRR1946453	Fast-Plast	154478	154439	0.999747536866091	154480	154439	0.999734593474883	1
SRR1946453	GetOrganelle	154478	154439	0.999747536866091	154480	154439	0.999734593474883	1
SRR1946453	NOVO-Plasty	154478	154437	0.999734590038711	308956	256450	0.830053470397079	2
SRR1946454	chloroExtractor	154478	134110	0.868149509962584	107936	107847	0.999175437296176	14
SRR1946454	Fast-Plast	154478	154412	0.999572754696462	154499	154412	0.999436889559156	1
SRR1946454	GetOrganelle	154478	154412	0.999572754696462	154498	154412	0.999443358490078	1
SRR1946455	chloroExtractor	154478	128364	0.830953274899986	102346	102148	0.998065386043421	16
SRR1946455	Fast-Plast	154478	154412	0.999572754696462	154510	154412	0.999365736845512	1
SRR1946455	GetOrganelle	154478	154412	0.999572754696462	154510	154412	0.999365736845512	1
SRR1946456	chloroExtractor	154478	120974	0.783114747731068	94809	94725	0.999114008163782	13
SRR1946456	Fast-Plast	154478	154413	0.999579228110152	154498	154413	0.999449831065774	1
SRR1946456	GetOrganelle	154478	154413	0.999579228110152	154496	154413	0.999462769262635	1
SRR1946456	NOVO-Plasty	154478	154413	0.999579228110152	308998	256400	0.829778833519958	2
SRR1946457	chloroExtractor	154478	134606	0.871360323152811	108574	108398	0.998378985760864	15
SRR1946457	Fast-Plast	154478	154419	0.999618068592291	154513	154419	0.999391636949642	1
SRR1946457	GetOrganelle	154478	154419	0.999618068592291	154513	154419	0.999391636949642	1
SRR1946458	chloroExtractor	154478	112990	0.731431012830306	86884	86741	0.998354127342203	15
SRR1946458	Fast-Plast	154478	154385	0.999397972526832	154457	154385	0.999533850845219	1
SRR1946458	GetOrganelle	154478	154390	0.999430339595282	154467	154390	0.999501511649737	1
SRR1946458	NOVO-Plasty	154478	154390	0.999430339595282	308934	256354	0.829801834696084	2
SRR1946459	chloroExtractor	154478	140026	0.906446225352477	113975	113820	0.998640052643123	14
SRR1946459	Fast-Plast	154478	154379	0.999359132044692	154465	154379	0.999443239568834	1
SRR1946459	NOVO-Plasty	154478	154379	0.999359132044692	308932	139220	0.450649333833983	2
SRR1946460	chloroExtractor	154478	105903	0.685553930009451	105990	105903	0.999179167846023	10
SRR1946460	Fast-Plast	154478	154369	0.999294397907793	154448	154369	0.99948850098415	1
SRR1946460	GetOrganelle	154478	154369	0.999294397907793	154448	154369	0.99948850098415	1
SRR1946460	NOVO-Plasty	154478	154369	0.999294397907793	308898	139210	0.4506665630726	2
SRR1946461	chloroExtractor	154478	112869	0.730647729773819	112961	112869	0.999185559617921	8
SRR1946461	Fast-Plast	154478	154405	0.999527440800632	154461	154405	0.99963744893533	1
SRR1946461	NOVO-Plasty	154478	154401	0.999501547145872	308924	154401	0.499802540430656	2
SRR1946462	chloroExtractor	154478	110716	0.716710470099302	110839	110722	0.998944414872022	11
SRR1946462	Fast-Plast	154478	154137	0.997792565931718	154240	154137	0.999332209543568	1
SRR1946462	NOVO-Plasty	154478	154136	0.997786092518028	308482	255846	0.829370919535013	2
SRR1946463	chloroExtractor	154478	140148	0.907235981822654	114081	113952	0.998869224498383	11
SRR1946463	Fast-Plast	154478	154367	0.999281451080413	154446	154367	0.999488494360488	1
SRR1946463	GetOrganelle	154478	154369	0.999294397907793	154448	154369	0.99948850098415	1
SRR1946463	NOVO-Plasty	154478	154369	0.999294397907793	308898	139210	0.4506665630726	2
SRR1946464	chloroExtractor	154478	95234	0.616489079351105	95302	95234	0.999286478772743	12
SRR1946464	Fast-Plast	154478	154368	0.999287924494103	154450	154368	0.999469083845905	1
SRR1946464	GetOrganelle	154478	154368	0.999287924494103	154450	154368	0.999469083845905	1
SRR1946464	NOVO-Plasty	154478	154368	0.999287924494103	308902	139209	0.450657490077759	2
SRR1946465	chloroExtractor	154478	68285	0.442037053819961	42050	42022	0.999334126040428	5
SRR1946465	Fast-Plast	154478	154334	0.999067828428644	154422	154334	0.999430133012136	1
SRR1946465	GetOrganelle	154478	154334	0.999067828428644	154422	154334	0.999430133012136	1
SRR1946465	NOVO-Plasty	154478	154332	0.999054881601264	308842	256240	0.829679901049728	2
SRR1946466	chloroExtractor	154478	112381	0.727488703893111	112486	112381	0.999066550504063	10
SRR1946466	Fast-Plast	154478	154334	0.999067828428644	154420	154334	0.99944307732159	1
SRR1946466	GetOrganelle	154478	154334	0.999067828428644	154420	154334	0.99944307732159	1
SRR1946466	NOVO-Plasty	154478	154334	0.999067828428644	308840	256242	0.829691749773345	2
SRR1946467	chloroExtractor	154478	134639	0.871573945804581	108519	108446	0.999327306738912	12
SRR1946467	Fast-Plast	154478	154420	0.999624542005981	154464	154420	0.999715143981769	1
SRR1946467	NOVO-Plasty	154478	154421	0.999631015419671	308930	256416	0.830013271614929	2
SRR1946468	chloroExtractor	154478	138627	0.897389919600202	112688	112425	0.997666122391027	11
SRR1946468	Fast-Plast	154478	154382	0.999378552285762	154457	154382	0.99951442796377	1
SRR1946468	GetOrganelle	154478	154382	0.999378552285762	154457	154382	0.99951442796377	1
SRR1946468	NOVO-Plasty	154478	154382	0.999378552285762	308916	256336	0.829791917543928	2
SRR1946469	chloroExtractor	154478	109964	0.711842463004441	110039	109973	0.999400212651878	9
SRR1946469	Fast-Plast	154478	154162	0.997954401273968	154264	154162	0.999338795830524	1
SRR1946469	NOVO-Plasty	154478	154157	0.997922034205518	308592	154157	0.499549567065899	2
SRR1946470	chloroExtractor	154478	110915	0.717998679423607	110997	110925	0.999351333819833	15
SRR1946470	Fast-Plast	154478	154180	0.998070922720387	154283	154180	0.999332395662516	1
SRR1946470	NOVO-Plasty	154478	154180	0.998070922720387	308572	255934	0.82941420478851	2
SRR1946471	chloroExtractor	154478	115042	0.744714457722135	115144	115042	0.999114152713124	10
SRR1946471	Fast-Plast	154478	154375	0.999333238389933	154416	154375	0.999734483473215	1
SRR1946471	GetOrganelle	154478	154375	0.999333238389933	154416	154375	0.999734483473215	1
SRR1946471	NOVO-Plasty	154478	154375	0.999333238389933	308834	139216	0.450779383099011	2
SRR1946472	chloroExtractor	154478	112780	0.730071595955411	112825	112780	0.9996011522269	9
SRR1946472	Fast-Plast	154478	154448	0.999805797589301	154499	154448	0.999669900776057	1
SRR1946472	NOVO-Plasty	154478	154449	0.999812271002991	309000	256472	0.830006472491909	2
SRR1946473	chloroExtractor	154478	114077	0.738467613511309	114118	114085	0.999710825636622	10
SRR1946473	Fast-Plast	154478	154436	0.999728116625021	154503	154436	0.999566351462431	1
SRR1946473	GetOrganelle	154478	154437	0.999734590038711	154505	154437	0.999559884793372	1
SRR1946474	chloroExtractor	154478	115205	0.745769624153601	115462	115254	0.998198541511493	9
SRR1946474	Fast-Plast	154478	154394	0.999456233250042	154483	154394	0.999423884828751	1
SRR1946474	GetOrganelle	154478	154394	0.999456233250042	154483	154394	0.999423884828751	1
SRR1946474	NOVO-Plasty	154478	154392	0.999443286422662	309088	154392	0.4995082306657	2
SRR1946475	chloroExtractor	154478	110069	0.712522171441888	110154	110069	0.999228353033026	10
SRR1946475	Fast-Plast	154478	154365	0.999268504253033	154442	154365	0.9995014309579	1
SRR1946475	GetOrganelle	154478	154365	0.999268504253033	154442	154365	0.9995014309579	1
SRR1946475	NOVO-Plasty	154478	154365	0.999268504253033	308886	139206	0.450671121384588	2
SRR1946476	chloroExtractor	154478	107703	0.697206074651407	107843	107715	0.998813089398477	12
SRR1946476	Fast-Plast	154478	154175	0.998038555651937	154276	154175	0.999345329150354	1
SRR1946477	chloroExtractor	154478	112281	0.726841362524113	112390	112281	0.999030162825874	9
SRR1946477	Fast-Plast	154478	154184	0.998096816375147	154273	154184	0.999423100607365	1
SRR1946477	GetOrganelle	154478	154186	0.998109763202527	154275	154186	0.99942310808621	1
SRR1946477	NOVO-Plasty	154478	154186	0.998109763202527	308554	255946	0.829501481102173	2
SRR1946478	chloroExtractor	154478	140609	0.910220225533733	114532	114401	0.998856214856983	8
SRR1946478	Fast-Plast	154478	154413	0.999579228110152	154454	154413	0.9997345487977	1
SRR1946478	GetOrganelle	154478	154415	0.999592174937532	154456	154415	0.999734552234941	1
SRR1946478	NOVO-Plasty	154478	154412	0.999572754696462	308976	154412	0.499754026202682	2
SRR1946479	chloroExtractor	154478	111849	0.724044847810044	111976	111849	0.998865828391798	10
SRR1946479	Fast-Plast	154478	154374	0.999326764976243	154527	154374	0.999009881768235	1
SRR1946479	GetOrganelle	154478	154374	0.999326764976243	154527	154374	0.999009881768235	1
SRR1946479	NOVO-Plasty	154478	154370	0.999300871321483	309114	154370	0.499395045193683	2
SRR1946480	chloroExtractor	154478	113936	0.737554862181023	114045	113936	0.999044236924021	9
SRR1946480	GetOrganelle	154478	154371	0.999307344735173	154452	154371	0.999475565224147	1
SRR1946480	NOVO-Plasty	154478	154371	0.999307344735173	308904	256314	0.829752932950043	2
SRR1946481	chloroExtractor	154478	119836	0.775748002951877	119979	119836	0.998808124755165	11
SRR1946481	GetOrganelle	154478	154370	0.999300871321483	154456	154370	0.999443207126949	1
SRR1946481	NOVO-Plasty	154478	154370	0.999300871321483	308914	139211	0.450646458237568	2
SRR1946482	chloroExtractor	154478	117382	0.759862245756677	117503	117382	0.998970239057726	7
SRR1946482	Fast-Plast	154478	154370	0.999300871321483	154477	154370	0.9993073402513	1
SRR1946482	NOVO-Plasty	154478	154370	0.999300871321483	308956	256312	0.829606804852471	2
SRR1946551	chloroExtractor	154478	58428	0.378228615077875	32643	32578	0.998008761449622	5
SRR1946552	chloroExtractor	154478	21356	0.138246222763112	12024	12024	1	3
SRR1946553	chloroExtractor	154478	154325	0.999009567705434	128349	128227	0.999049466688482	5
SRR1946553	Fast-Plast	154478	154415	0.999592174937532	154482	154415	0.999566292513044	1
SRR1946553	GetOrganelle	154478	154415	0.999592174937532	154482	154415	0.999566292513044	1
SRR1946553	NOVO-Plasty	154478	154415	0.999592174937532	308966	256404	0.829877721173204	2
SRR1946554	chloroExtractor	154478	59272	0.383692176232214	39863	39819	0.998896219551966	7
SRR1946554	Fast-Plast	154478	154392	0.999443286422662	154470	154392	0.999495047582055	1
SRR1946554	GetOrganelle	154478	154392	0.999443286422662	154470	154392	0.999495047582055	1
SRR1946554	NOVO-Plasty	154478	154399	0.999488600318492	309006	256372	0.829666737862695	2
SRR1946555	chloroExtractor	154478	153947	0.996562617330623	128117	127877	0.998126712302036	8
SRR1946555	Fast-Plast	154478	154328	0.999028987946504	154465	154328	0.999113067685236	1
SRR1946556	chloroExtractor	154478	154067	0.99733942697342	128248	127999	0.998058449254569	6
SRR1946556	Fast-Plast	154478	154330	0.999041934773884	154468	154330	0.999106611078023	1
SRR1946556	GetOrganelle	154478	154328	0.999028987946504	154465	154328	0.999113067685236	1
SRR1946556	NOVO-Plasty	154478	154289	0.998776524812595	308938	154289	0.499417358822806	2
SRR1946557	chloroExtractor	154478	154065	0.99732648014604	128262	127997	0.997933916514634	6
SRR1946557	GetOrganelle	154478	154327	0.999022514532814	154469	154327	0.999080721698205	1
SRR1946557	NOVO-Plasty	154478	154327	0.999022514532814	308944	139168	0.450463514423326	2
SRR1946558	chloroExtractor	154478	127818	0.827418791025259	128095	127873	0.998266911276787	4
SRR1946558	GetOrganelle	154478	154327	0.999022514532814	154467	154327	0.999093657544977	1
SRR1946558	NOVO-Plasty	154478	154288	0.998770051398905	308942	154288	0.499407655805944	2
SRR1946559	chloroExtractor	154478	154238	0.998446380714406	128283	128140	0.9988852770827	4
SRR1946559	NOVO-Plasty	154478	154293	0.998802418467355	308848	154293	0.499575843133192	2
SRR1946560	chloroExtractor	154478	154245	0.998491694610236	128294	128147	0.99885419427253	4
SRR1946560	Fast-Plast	154478	154334	0.999067828428644	154427	154334	0.999397773705375	1
SRR1946560	GetOrganelle	154478	154334	0.999067828428644	154427	154334	0.999397773705375	1
SRR1946561	chloroExtractor	154478	150190	0.972242002097386	124312	124104	0.998326790655769	7
SRR1946561	Fast-Plast	154478	154306	0.998886572845324	154438	154306	0.999145288076769	1
SRR1946561	NOVO-Plasty	154478	154306	0.998886572845324	308876	256194	0.829439645683057	2
SRR1946562	chloroExtractor	154478	154029	0.997093437253201	128067	127931	0.998938055861385	5
SRR1946562	GetOrganelle	154478	154334	0.999067828428644	154420	154334	0.99944307732159	1
SRR1946563	chloroExtractor	154478	152877	0.98963606468235	126918	126779	0.998904804677036	6
SRR1946563	Fast-Plast	154478	154332	0.999054881601264	154420	154332	0.999430125631395	1
SRR1946563	GetOrganelle	154478	154332	0.999054881601264	154423	154332	0.999410709544563	1
SRR1946563	NOVO-Plasty	154478	154332	0.999054881601264	308846	139173	0.450622640409784	2
SRR1946564	chloroExtractor	154478	152172	0.985072308030917	126209	126074	0.998930345696424	8
SRR1946564	Fast-Plast	154478	154334	0.999067828428644	154420	154334	0.99944307732159	1
SRR1946564	GetOrganelle	154478	154334	0.999067828428644	154420	154334	0.99944307732159	1
SRR1946564	NOVO-Plasty	154478	154334	0.999067828428644	308842	139175	0.450634952499984	2
SRR1946565	chloroExtractor	154478	127596	0.825981693186085	127859	127651	0.998373207986923	6
SRR1946565	Fast-Plast	154478	154305	0.998880099431634	154435	154305	0.999158221905656	1
SRR1946566	chloroExtractor	154478	127657	0.826376571421173	127957	127712	0.998085294278547	5
SRR1946566	Fast-Plast	154478	154298	0.998834785535804	154430	154298	0.99914524379978	1
SRR1946566	NOVO-Plasty	154478	154297	0.998828312122114	308860	256176	0.829424334650003	2
SRR1946567	chloroExtractor	154478	127512	0.825437926436127	127680	127567	0.999114974937343	5
SRR1946567	GetOrganelle	154478	154366	0.999274977666723	154465	154366	0.999359078108309	1
SRR1946567	NOVO-Plasty	154478	154366	0.999274977666723	308930	256304	0.829650729938821	2
SRR1946568	chloroExtractor	154478	126303	0.817611569284947	126450	126358	0.999272439699486	6
SRR1946568	Fast-Plast	154478	154366	0.999274977666723	154462	154366	0.999378487912885	1
SRR1946568	GetOrganelle	154478	154366	0.999274977666723	154465	154366	0.999359078108309	1
SRR1946568	NOVO-Plasty	154478	154366	0.999274977666723	308932	256304	0.829645358849197	2
SRR1946569	chloroExtractor	154478	153037	0.990671810872746	127086	126938	0.998835434272855	8
SRR1946569	Fast-Plast	154478	154366	0.999274977666723	154465	154366	0.999359078108309	1
SRR1946569	GetOrganelle	154478	154366	0.999274977666723	154465	154366	0.999359078108309	1
SRR1946569	NOVO-Plasty	154478	154366	0.999274977666723	617858	512606	0.829650178519984	4
